LASP1,LASP2,LASP3,LASP4,LASP5,LHS1,LHS2,LHS3,BMYO1,BMYO2,FB1,FB2,FB3,FB4,PV1,PV2,PV3,PV4,PV5,VEV,VEC,VEA,VEAT,LE1,LE2,CD4_naive,CD4_Th,CD8_Tem,CD8_Trm,CD8_Tc1,NKT,NK,ILC,B_naive,B_mem_switched,B_mem_unswitched,Plasma_cell,Macro,Macro-lipo,DC
S100A7,KRTAP2-3,SMS,RECQL,DLGAP5,TMEM45B,ARHGAP40,CP,IRX4,SYT8,CNTN1,CNIH3,PTGFR,PRG4,DCBLD1,LINC01348,CASQ2,ADGRL3,THBS4,ACKR1,AC129507.1,SEMA3G,F2RL3,SEMA3D,AC007998.3,TESPA1,TTC39C-AS1,GZMK,CD8B,AC004832.6,S1PR5,SH2D1B,LINC00299,TCL1A,TNFRSF13B,ZBTB32,IGKC,C1QA,CHIT1,CCL17
SERPINB3,KLK7,CMPK1,ROPN1,MKI67,SDR16C5,AKR7A3,HMGB3,DLK2,TNNI2,ABCA10,AL139393.3,GREM1,MTSS1,AC027031.2,PGAP1,NRIP2,CLSTN2,P2RY14,SELP,CFAP20,ARL15,COLGALT1,B3GNT7,KLHL4,CCR4,CCR4,CMC1,KLRC3,PPP1R2C,KLRF1,TXK,TNFSF4,FCER2,SHISA8,FCRL5,IGKV4-1,C1QC,TM4SF19,CCL22
SLC34A2,SLC25A37,IQCG,FAM3D,AURKB,CACNG4,SRARP,PPP4R4,NRG1,OXTR,MXRA5,MMP3,PAPPA2,PARP16,CPM,CMSS1,RERGL,ECRG4,HIGD1B,TLL1,CD300LG,CLDN14,RFLNB,SNCA,ADD3-AS1,CD40LG,ADAM23,EOMES,KLRC2,IFNG,SH2D1B,CMC1,IL23R,COL19A1,BLK,FCRL3,JCHAIN,C1QB,ATP6V0D2,VMO1
SERPINB4,KRT16,LINC01198,LINC02613,CCNB2,GOLM1,FTO,PCAT18,COL17A1,DST,VEGFD,ARSG,BCHE,SLC2A1,NPTX2,PCSK1,WFDC1,CCL19,VIPR1,SELE,CA4,FAM124B,NQO1,SCN3B,LINC00636,CD28,TNFRSF25,DTHD1,KLRC1,DOK2,NKG7,TRDC,LINC00892,PAX5,BANK1,CD19,MZB1,FCER1G,TREM2,CLEC9A
RARRES1,ANXA11,RPL36,ROPN1B,ASPM,MISP,PARD6G-AS1,ARHGAP36,RNASE7,HSPA4L,CAPN6,C11orf53,WIF1,SERPINB2,TRPC4,SRL,KCNA5,GGT5,AGAP2,NDRG1,AP001037.1,SLC45A4,TSPAN14,OSBP2,SLC24A1,SMCHD1,LINC00892,KLRG1,SLA2,AC016074.2,CD244,KLRF1,TMIGD2,C12orf42,P2RX5,SPIB,IGHA2,FCGR2A,OCSTAMP,PNOC
IGFL1,KRT6B,HADH,CALML5,HJURP,DNAJC12,ALDH3B2,CPB1,HAS3,AC007906.2,SCARA5,GAL,OGN,CEP152,ADRA2C,GPAT2,SLC38A11,HAS2,FFAR2,CSF2RB,BTNL9,GJA5,ESM1,MSMP,IL7,LINC00892,TRAV8-2,GZMA,GRAP2,ZNF683,CMC1,MCTP2,MVB12B,LINC00926,STAP1,PAX5,IGHG4,CREG1,LINC02244,GPR157
ADGRF1,SDCBP2,RPS19,AQP5,SPC25,EEF1A2,SLC26A3,SERPINA1,LAMA3,CRISPLD1,DNM1,SDK1,LTBP1,MFAP5,CNR1,NDUFS2,KCNAB1,LINC00924,SYP,TACR1,KRBA2,SOS1,FAM167B,SIN3B,STAB2,ADAM23,CD40LG,LYST,KLRC4,KCNA3,KIR2DL4,TMIGD2,AL136456.1,FCRL3,SCIMP,LINC01857,IGHG2,NPL,APOC2,FLT3
C1QL2,PPP1R14C,C5orf46,CRABP1,CENPF,MRPS10,TFAP2B,SCGB1D2,FHOD3,IL17B,COL1A1,KDM7A-DT,SFRP4,SLC22A3,CTSC,OPA3,PRPH,PAPPA2,RGS5,OLFM1,TNMD,FAM107A,TNPO1,MMRN1,NFIA-AS2,TRAT1,MYBL1,TIGIT,KLRK1,GPR18,KIR3DL2,TRGV9,OTUD5,CD19,LINC01857,SCIMP,IGHA1,IL10,LINC02384,LAMP3
LCN2,SLC5A1,SNHG29,ELF5,DEPDC1,TMC5,KIF12,CA2,LINC01589,PTPRZ1,PDGFD,SLC12A8,CLU,RSAD2,OLFM2,UCN,NRGN,ARHGAP1,FAM162B,AC007681.1,SCARB1,PLLP,SLC12A7,SEMA3A,TBX1,GNAO1,ZC3H12D,SH2D1A,KLRD1,LINC00861,FGFBP2,ADGRG3,XCL2,LINC02397,GNG7,AC104024.1,IGHG1,PLEK,TNFSF15,CFP
FDCSP,RBPMS-AS1,RPS18,KRT6A,TOP2A,TMEM106B,ERBB4,CIB1,MGARP,TP63,ABCA9,LYPLAL1-AS1,AC008780.1,CRLF1,SGIP1,BEX1,HAPLN2,SORBS3,COL23A1,LCN6,FAM110D,BMX,ADAMTS7,UNC5B-AS1,DPEP2,TNFSF8,CCR6,GZMM,LINC02446,LINC00649,GZMA,GZMA,AC092617.1,CD79A,MS4A1,BLK,IGHG3,IL1B,PLA2G2D,GCSAM
MGAM2,BPGM,COBL,PRR4,NEK2,ARHGAP29-AS1,TTC36,AC092329.4,TP63,RNASE7,CCL11,THBS2,CADM3,PKDCC,ELK1,CALCA,TBX2-AS1,INMT,ARHGEF17,MMP1,AQP1,KCNJ2,GBE1,PKHD1L1,KBTBD11,SESN3,TESPA1,CRTAM,CD8A,FASLG,GZMH,DGKZ,C20orf204,FCRL5,TNFRSF13C,TNFRSF13B,IGHD,IL1RN,SULT1C2,LGALS2
SERPINB7,PTN,RPS21,MESP1,TROAP,TOX3,INPP5J,CYP27B1,TNS4,GRP,TNN,PTGES,PTGIS,AKR1C2,PTPN1,USP2,MEF2B,AGT,SNHG32,PRCP,TMEM70,AC004889.1,ENG,PCSK6,LYVE1,CTLA4,KIAA0319L,ZNF80,FASLG,ZBED2,TXK,CTSW,AC109446.3,STAP1,CD19,FCRL2,IGHV3-23,SLC11A1,PKD2L1,CRLF2
CYP24A1,VNN1,RPLP0,AP000851.1,BUB1,SLC44A4,MYB,PDZK1,TMEM178A,SLMAP,FMO1,WNT2,RORB,CCN3,LIN7A,RBM24,PLN,PCDH9,PLCL1,ELOVL7,LRG1,VEGFC,MCF2L,PPFIBP1,ADGRG3,AP000787.1,CTLA4,LINC01934,TRGV10,AC007278.1,KLRG1,CLIC3,TNFRSF18,CD72,LINC00926,SHISA8,IGHV3-30,CD80,TMEM163,CD86
S100A8,TPT1-AS1,PGBD5,TTYH1,CDCA3,RASEF,XBP1,PIP,ABCC3,AMIGO2,PLXDC1,RSPO3,CHL1,ADGRD1,GJC1,ALG13,MUSTN1,LINC01197,NDUFA4L2,TNFRSF6B,RBP7,IGFBP3,SEC14L1,TCFL5,PKHD1L1,MRPL1,RGS14,AC243829.4,GZMH,AC026979.2,GZMB,XCL2,SH2D1B,BTLA,CD79A,CD70,JSRP1,ACSL1,ACP5,SERPINB1
LINC00511,LIPH,SLC6A14,MAP2K6,PBK,SCCPDH,TTC6,SCGB1B2P,SH2D5,FGFR2,LAMA2,TWIST2,AC074387.1,AKR1C1,ADCYAP1R1,RASD2,SGCA,DES,EPB41L1,MED24,AC064836.3,ICAM2,PXDN,PLA1A,MRC1,PHTF2,TRAT1,PYHIN1,UBASH3A,IL2,GNLY,MATK,SLC4A10,VPREB3,LINC00426,SYNGR2,IGLC1,MIR3945HG,HTRA4,AC020656.1
ASS1,NNT,RPL12,CSN1S1,NUF2,BCAS4,SPDEF,AC100801.1,KRT14,NT5DC3,OMD,NMB,TCEAL2,UAP1,NCK2,LRRC10B,PTP4A3,DMRT3,FRMD3,ASPH,LIPE,TSPAN2,EFNB1,STK32B,PROX1,PASK,TTC39C,BICDL1,NELL2,SCML4,YPEL1,KIR2DL4,TXK,FAM30A,PAX5,KLK1,IGLC2,SLC1A3,MMP9,LILRA5
MUC16,SPOCD1,RAP2B,S100B,UBE2C,DNAH5,BAMBI,NEK10,OXTR,SH3BGR,PI16,FHAD1,PCOLCE2,FOXD1,GCNA,CYCS,RBPMS2,ANGPTL1,TMEM74B,SLCO4A1,NSUN6,GABARAPL2,SHANK3,TMEM120A,ART4,NR3C1,UBASH3A,TNFRSF9,SNAI3,ICOS,PRF1,CD244,TNFSF11,MS4A1,LINC02397,PHF6,IGLC3,GM2A,CLEC12A,HLA-DPB1
CCDC9B,RNF114,RPS28,CITED4,TTK,SPINK1,ALB,SCGB3A1,IL17RD,ANKRD1,MMP16,SH3PXD2B,SERPINF1,AADAC,GLIS2,PPARGC1A,MYOM1,PLPPR4,DPY19L2,FAR2,KIF25,MMP28,SQSTM1,C16orf87,CRTAC1,EML4,RORA,RASGRP1,CD3G,TRGV10,PYHIN1,NCR1,GLB1,ADAM28,BCL11A,ATF5,DERL3,HAVCR2,SNX10,GNG8
SECTM1,HCAR2,MTHFD2L,PIK3C2G,CDK1,TRAFD1,VTCN1,HIGD1A,GALNT10,RASSF6,CD248,BX322234.1,SCRG1,CYP1B1,CYTH3,KCTD20,KLHL23,IGFBP5,PCK1,PCDH1,GPIHBP1,LTC4S,PDCL,NINL,MMRN1,LINC00239,CD5,SAMD3,APBA2,CRTAM,TRDC,KLRD1,CCR4,TNFRSF13C,AIM2,BANK1,IGHM,AIF1,FDX1,HLA-DOB
PROM1,CAST,RPL29,PPP1R1B,KNL1,KCNMA1,TAT-AS1,PBX3,COL8A2,IL1RAP,ABCA6,LIMK1,HS3ST3A1,PTX3,LONRF1,USP37,RCAN2,EDIL3,AC100793.2,MEOX1,TRIM16,ACE,ABLIM2,AZIN2,CCL21,PCNX1,PRKCQ-AS1,A2M-AS1,OXNAD1,AL603756.1,NME8,CEMIP2,LST1,BCL11A,ADAM28,TNFRSF13C,AL139099.1,PLA2G7,ITGB2,ADAM19
VNN3,LRRFIP2,RPL13,DBI,CENPA,AREG,FBP1,SCUBE2,DST,ACTG2,COL3A1,ADPRHL1,ISM1,ALKAL2,EPS8,PRMT9,MAP3K7CL,ARHGAP15,C20orf27,CSF3,NOSTRIN,RPS6KA5,SMAD6,TTN,C1orf143,ZNF831,KIF5C,TRAT1,PRF1,TRAV8-2,B3GAT1,SLFN13,XCL1,SELL,BTLA,CD58,POU2AF1,SLC16A10,DCSTAMP,WDFY4
S100A9,ST6GALNAC5,RPS6,CACYBP,CEP55,CIB1,REEP6,CITED1,ACTG2,MME,ADAM12,MMP12,MMP23B,C7,CYP26B1,ALPK3,WTIP,TGFBI,ABCC9,PDIA5,FAM72A,SRP14,PLVAP,C1orf143,GPM6A,MALT1,PDE4D,CD27,SCML4,AF305872.2,FCGR3A,NKG7,NCR3,P2RX5,CXCR5,CD22,SSR4,AC005083.1,SMIM25,TVP23A
MARCO,TCN1,PDZK1IP1,UBB,HMMR,SERHL2,DIO2,HMGCS2,FBXO2,CSTA,IGSF10,TNFAIP6,EPHB2,EIF1B,IL1RL1,IL24,FBXL13,GUCY1A2,LZTS1,ZNF385D,ELOVL3,SNHG11,TMEM255B,NARF,EFCC1,SARAF,TRABD2A,AKNA,IL2RB,LINC00892,SAMD3,EOMES,CSF2,BANK1,FCER2,CIITA,TXNDC5,PILRA,ATP1A4,C1orf162
PLEKHS1,MELTF,YWHAH,LRRC26,KIF2C,CPPED1,CREB3L4,VSIG10L2,CDH3,SEMA3C,HTRA3,LHFPL2,ISOC1,ITGBL1,CHST2,ZNF141,ATP1A2,CHSY3,IER5L,IQCA1,SENCR,PCSK5,PRXL2A,MRC1,SLC26A4,CNOT6L,PASK,CNOT6L,TRGC2,AC018926.2,MCTP2,NLRC3,TRDC,CNR2,DNAJC5B,GNG8,AC078883.1,TFEC,CLEC4E,PADI2
CXCL17,KRT15,RACK1,CCDC34,SGO1,SEMA4B,FASN,SEMA3B,AMIGO2,FAM184A,GAS7,WIPI1,DIRAS3,HAS1,EDNRB,AC091182.1,CACNA1A,LGI4,SCN4B,TMEM273,CPNE8-AS1,CDA,JDP2,FAM174B,FLT4,IPCEF1,BRD9,PPP2R5C,SLAMF6,NKRF,TMIGD2,CD247,GNG4,LINC01857,PARP15,METTL8,LINC01480,MSR1,LYZ,CYP2S1
DNTTIP1,NFKBIZ,TPT1-AS1,PPP1R16A,FOXM1,MAP3K1,MAGED2,IGSF1,GPC1,ARHGAP5,ISLR,CLMP,CTSF,SEC62,PTGER3,LCLAT1,GLDN,REM1,COL25A1,RAPGEF5,CDC27,MYRIP,GRAP,STAB2,DMTN,SC5D,TNFSF8,NKG7,GNLY,IL21R,FCRL3,IL12RB2,AC124248.1,AP001059.3,C12orf42,TLR10,AC104699.1,AC009630.4,SLC16A6,TMSB4X
AARD,LIPG,CLDN1,C2orf88,PLK1,EDN2,MUC6,LINC01578,SLC27A1,FAM126A,DLK1,MEDAG,FBLN1,NUMBL,TMED5,FAM122A,MYH11,EN1,FKBPL,LCN10,HDDC3,GRPEL2,TNFAIP8L1,ZDHHC14,VPS35L,SELL,IL2,OSBPL7,LINC01934,EOMES,GNPTAB,AC243829.4,TTC39C-AS1,SHISAL2A,FAM30A,WDFY4,SPINK2,AZIN1-AS1,AC020656.1,UBE2F
CMPK1,KLK5,CYP24A1,FOLR1,PKMYT1,FKBP1B,SCGB1B2P,CFB,WNT5B,XPR1,MIR99AHG,SERPINE2,PBX1,ETNK1,SSTR2,PRKAR1A,NMNAT2,RDH5,DMRT3,HOXB9,MLKL,IFI44L,KDR,ANKRD1,GUSB,LEPROTL1,CD28,ABHD17A,CHST12,LINC02446,ABHD17A,VSTM2L,LAT2,AC073111.4,CD70,HLA-DOA,LINC02384,LNCAROD,DNAJC5B,TXN
SAA2,LINC02595,RPL39,AARD,CCNB1,LYPD6B,TAT,SMIM14,SERPINB5,KLHL13,CPXM1,TAC1,ASPN,FIBIN,AF121898.1,RPRM,LDB3,GORAB,COX4I2,TSPAN7,B3GNT5,SYT1,PDE2A,TNFAIP8L3,ATP5F1E,GPR171,SATB1,GGA2,RNF166,GBP5,CD247,TOX2,KIT,ZNF318,LY9,MS4A1,ERN1,SPI1,AL121890.4,CLEC7A
AC092821.3,CAPN2,RPS24,PART1,BIRC5,OPN3,ANKRD30A,SCD,KRT5,CHRNA5,SCN7A,MAP3K4,CISH,MAP4K5,SLC1A2,AL022334.2,CAP2,FAM13C,AL020997.5,TMCC2,ELOC,CTTNBP2NL,KCNN2,VPS35L,PGM5-AS1,MTFP1,IL18RAP,WHRN,ZBED2,HERPUD2,ITGAL,XCL1,BCAS1,GNG7,KDM4B,NFKBID,LTK,MS4A4A,MFSD12,HLA-DPA1
ST8SIA1,HEBP2,CXCL17,CHORDC1,NCAPG,CAPN8,ST8SIA6,FAM104A,SAMD5,MIR31HG,IGF1,MMP2,FSTL3,FBN1,TRAM2,CREM,NTRK3,FHL1,TESC,SHROOM4,TMEM88,TOX2,EDC3,LRRC15,ASGR1,SATB1,KLRB1,PIP4K2A,GZMB,CTSW,KLRD1,LINC00996,RORC,TLR10,FGD2,CXCR5,HERPUD1,MS4A7,AC083864.5,IDO1
HSD17B2,SDC4,EEF1G,NCALD,GTSE1,MYL12B,HMGCS2,CCDC74A,ALDH3A2,NEDD4L,COL5A1,SEMA6A,MPP6,IL33,HIPK2,IL1RL2,MYL9,EMX2OS,AVPR1A,ARHGAP31,SNAI1,GMNN,KCNJ15,LYVE1,SLCO2B1,TRABD2A,SARAF,AL137779.1,GFI1,TBX21,RNF166,IL2RB,TKTL1,PARP15,PRDM2,TMC8,TP53INP1,CD163,CCL18,KDM2B
SOX10,HCAR1,INAVA,APCDD1L-DT,MYBL2,NCEH1,C3orf14,PLIN5,JPH2,GPR87,LRRC17,PHC2,CST3,DGKH,CREB3L2,CTH,PPM1L,ANGPT1,BX284668.6,LRRC1,ERI1,HEY1,ANKRD11,EGLN3,IARS2,ITK,MAP3K4,FAM53B,LCK,GZMA,CEP78,LAT2,TNFRSF25,SPIB,CD72,STAP1,KCNK12,C3AR1,NR1H3,ETV3
CHI3L1,LMTK3,APCDD1L-DT,MUC15,RRM2,QSOX1,AFF3,SLC39A6,DKK3,HIBCH,PLA2G2A,ZDHHC9,GAS1,PTRH2,PAG1,SMC5,SEPTIN4,HSPB6,TBCC,AC110611.2,ANAPC13,CAPZA2,CPLX1,CNKSR3,TSTA3,HMGB2,HPGD,ZAP70,LINC01871,AL365361.1,MATK,CRCP,TMEM120A,WDFY4,SIT1,CLECL1,PAIP2B,OLR1,AK8,CD80
IKBKE,YWHAH,APOBEC3B,MRPL18,MELK,RUNDC1,PHGR1,DHCR24,MIR205HG,IRX1,PLAGL1,ROR2,ADAMTS3,CD55,GLIS3,EIF4A3,HACD1,ISYNA1,ANGPTL4,CLDN15,C9orf40,KCTD12,SMAD1,GPRC5B,SCNN1B,FKBP5,MGAT4A,AC243829.1,SPN,AC243960.1,CTSW,APMAP,PRMT9,RCN2,POU2AF1,LINC01480,PDK1,SDS,CTSS,TBC1D13
CHI3L2,GBP2,CHI3L2,CRYAB,PIMREG,FSIP1,MLPH,SCGB2A2,S100A2,NEFM,OLFML3,S1PR2,RBP4,CCBE1,CD276,APEX1,MGST3,AC018647.1,GUCY1A2,MSN,HOXB4,SWAP70,SEMA3F,NOD2,SEMA3A,CRYBG1,EML4,SH2D2A,AOAH,NSMCE3,ITGB2,KLRC3,DMGDH,CD22,CYBB,CD79A,FCRL5,P2RX7,GM2A,MAP3K14
PLA2R1,ST14,PDLIM5,HSPD1,KIF11,ELF3-AS1,MSX2,DNAAF1,NFASC,PRNP,HTRA1,DIP2C,IGFBP6,MYOM2,SOX13,MYOCD,TBX2,PCSK1N,HRC,TNPO1,SCN4A,THSD7A,DOCK6,PROX1,CCDC141,PGGHG,AC007278.1,FCRL3,PTPN22,THEMIS,A2M-AS1,GNLY,CHRM3-AS2,LY9,SEL1L3,POU2F2,SEL1L,HIF1A-AS3,AL356417.3,RNASE6
TFCP2L1,SLC28A3,IGF2BP2,EPHB3,KIFC1,ZNF626,CXCL13,ATP6V1G1,CADM4,CNN1,FAM20A,TGFB3,SSC5D,MSC,UBA2,CCDC107,CAMK2G,SYNPO2,HES7,NEURL1B,AC010524.1,GIPC2,TP53I11,P4HA3,SRGAP3,CD5,ICOS,LAG3,CXCR6,JOSD1,ADCY7,SAMD3,PTGDR,GAPT,SPIB,DNAJC5B,NUGGC,DMXL2,PSD3,CLEC10A
SLC26A2,FGGY,RPL31,GCNT1,CDCA8,IRS1,AGR3,IDH2,DSC3,TMEM237,ZNF106,LPAR1,OSBPL8,ZFP36L1,TMEM189,PIP5K1B,SNTA1,STEAP4,PNMA1,MAPK11,MCF2L2,IFI6,MAPKAPK5-AS1,AC017104.1,C20orf204,RCAN3,LINC00861,CST7,JAML,AL359513.1,AP005482.1,TBC1D31,PDE4A,BLK,ITGAE,FAM30A,HIST1H2AC,AQP9,CTSD,BTLA
SLC18B1,DTX2,RPL37,DNAJB6,CDCA5,PTHLH,PGR,FAM120AOS,LAMC2,FRMD6,TNNT3,ABL1,CYP3A5,IGFBP6,NDUFS2,HNRNPH3,HRC,PDE5A,SERTAD3,RAI14,PATL2,PELI1,C2CD2,CHRDL2,PALD1,RESF1,CAMK4,IFNG,AKNA,TAGAP,DTHD1,KLRC1,IL2RA,ITGAE,WDFY4,LINC00926,U62317.4,ITGAX,CD68,TTYH2
OLFM4,SLPI,RPS5,SYCE1L,CCNA2,MAPK8,NR1D1,TMEM59,ATRN,ST8SIA2,CXCL14,TIMP1,NTN1,JAM3,PROCR,RBKS,NET1,PRKAR2B,PTEN,AQP1,AL583785.1,DIPK1B,NDST1,ZFPM2,ACKR2,PPP2R5C,PPP2R5C,APMAP,ATP7A,TRGC1,ZAP70,GNPTAB,AF305872.2,AL133259.1,MARCH1,PTPN6,AC012645.3,PIK3R5,AC015660.2,AJ009632.2
PDZK1IP1,DSG3,HEBP2,PADI2,TPX2,FOXA1,CMBL,AC021148.2,PSAT1,COL17A1,MRC2,UBTD2,S100A3,MED27,ASAP1,BNIP3L,FRZB,OLFML2B,SEPTIN4,PRXL2B,AC104506.1,CLEC14A,VWA1,NBN,SCN3A,SFXN1,SPOCK2,SLFN12L,WHRN,CCNH,CD300A,CD160,ADGRE5,STAG3,AC024560.5,CYBB,CCPG1,CCL3,FPR3,TMEM123
SLC12A2,KLK6,RPS2,PTRHD1,ESCO2,TTC39A,IRX5,HMGCS1,NT5DC3,INTU,GSTM5,KREMEN1,LEPR,MESD,PDE8A,AC090617.10,NUDT4,SLIT3,ASXL1,STARD8,RAPGEF3,ADIPOR2,SIN3B,RASGRP3,GJC2,MTERF4,PGGHG,PIK3R1,SLFN12L,KLRC4,PPIL2,ITGAL,IL4I1,KDM4B,AMN,LINC02397,CD38,CCL3L1,MS4A4A,LY75
LTF,ANXA1,RPS15,HSPE1,CDC20,CROT,SLC39A6,TAT-AS1,ZMAT3,CARMN,PTGDS,SAMD4B,DSEL,AC002456.1,LARGE1,RGS6,RASL12,NPY1R,RASD1,ADSS,CCDC178,ENPP2,AFAP1L1,NEO1,MPP7,AP3M2,SATB1-AS1,LEPROTL1,CTSW,CXCR3,LGR6,TNFRSF18,TRGV9,CXCR5,BAIAP3,PARP15,MT1F,CD300A,AC004988.1,ID2
SOX9-AS1,CMTM7,DEFB1,PPP1R1A,CENPE,LRBA,AC021148.2,NTS,ITGA3,TFAP2C,PLTP,SLC7A8,DES,DNAJB9,PEX5,THAP2,CACNB2,FHL5,FUS,TPM3,HOXB3,MMRN2,TM4SF18,NHSL1,POLR2L,TXNIP,DPP4,LMNB1,TRGC1,CXCR6,APMAP,HELZ,P2RY8,BLNK,KLK1,IRF4,ADTRP,EBI3,PDE6G,TNFSF13B
SLC5A6,MARCKSL1,RPL17,RGS2,CDKN3,LIMCH1,LRP2,TAT,SEMA3C,LIMA1,GXYLT2,C17orf58,RNF144A,PTGR1,PMEPA1,AL450384.2,NT5DC2,SEPTIN7,LINC00989,ATP1A1,AC083855.2,PLPP1,ZSCAN31,ARL4A,REEP1,SFMBT1,TRAC,LINC01943,THEMIS,CCL5,MYO1F,GZMM,PIM2,AC120193.1,PIKFYVE,CNR2,TBCEL,IFI30,CCL17,CSF2RA
ROCR,MFSD14C,NACA,CASC8,UBE2T,TMCO3,IL20RA,AQP3,AC245014.3,STAC2,SVEP1,LAMA1,MAOB,COPS8,RASD2,SLC25A4,AC018647.1,DPY19L2,AGTR1,SCARF1,DDX23,RNASE1,NAV1,ACKR2,LINC01985,PIK3IP1,IL18R1,PLCXD2,FXYD7,CCR6,CARD11,CD38,AC017104.1,FCMR,LY86,SEL1L3,EML5,TYROBP,HLA-DQB2,LYZ
AC015712.2,KRT81,AC015712.2,ACTR3B,TYMS,KLHDC7B,ALOX15B,EEF1AKMT3,KCNMB1,NRG1,PLBD1,MMP10,PDGFRL,LAPTM4A,COL25A1,CACNB2,LBH,CNR1,EBF2,CCL14,HBEGF,DEPP1,RASSF2,KBTBD11,PEPD,TTC39C-AS1,HNRNPUL1,AOAH,ZAP70,AC136475.3,EOMES,TNFSF4,TMED8,TMEM156,CD22,LINC01215,MEI1,C5AR1,AMZ1,IFI30
SLC39A8,S100A6,PPP2R5B,HIST2H2BF,AURKA,JPT1,AC127526.5,SUB1,FBXO32,HOMER1,COL1A2,HGF,FAP,DOK5,ZFP91,SLC25A19,AC092164.1,PELI2,LRATD1,RAMP3,RND1,KIAA0355,ZNF366,ADD3-AS1,MYCN,BRD9,CD6,CD8A,TRG-AS1,TNFSF14,JAKMIP1,CNR2,STAP1,LINC01215,EHMT1,FGD2,PIK3CG,LILRB3,LIPA,RAMP1
PGBD5,FGFBP1,GIPC1,MYEOV,MND1,SH3BP4,ESR1,AC008115.3,IRX1,MYLK,SPON2,AP5B1,FLNC,DNER,DENND5A,CHSY1,ADIRF,CCDC102B,ITGA7,LPCAT4,PIK3R3,DKK2,RASIP1,TGFB2,EFEMP1,FYN,PIK3IP1,CEMIP2,TSEN54,CDC42SE2,SORL1,NCBP3,GALC,CD37,GRAMD1C,ZC3H8,FAM30A,LILRB2,OTOA,GCLC
FAH,IFFO2,SLC20A2,RPL34,NDC80,DUSP10,AC093001.1,NUCB2,DFFA,PFKFB2,NEGR1,OAF,NBL1,ABI3BP,CDC37L1,HIPK2,SORT1,ABCC9,ANO3,NOS3,TMEM44-AS1,RPGR,LXN,IRF8,PLSCR4,METTL4,LAX1,ITGA4,BRD9,SEMA4D,TBC1D10C,BIN2,LTB,SLC37A1,CLECL1,HLA-DMB,MT1H,LAIR1,CYB561A3,TSPAN33
KIT,MAP7D1,MRPS24,ROCR,ANLN,ACADSB,DUSP10,PRR13,TUBB2B,MIA,GLT8D2,PDPN,DCLK1,FAM153CP,AHR,ZNF331,NR2F2-AS1,PARM1,NOTCH3,SLC9B2,PCDH17,CCDC85A,NR5A2,CCDC141,SLC16A11,AC133644.2,LTB,DCP1B,CAMK4,C21orf91,IL2RB,LYST,CRADD,SHISA8,NCF4,TNFRSF18,LINC02362,LILRB1,STON1-GTF2A1L,APOBEC3A
NCCRP1,CBX6,RPL18,DNAJA4,ARHGAP11A,DHCR24,PCCA-DT,GLUL,TMEM237,TNS4,F2R,ZDBF2,RARRES2,TLNRD1,PRKG1,GYG1,ISYNA1,CH25H,STEAP4,STARD4,HECW2,SOX17,ZNF71,DTX1,SMYD2,ANKRD12,PBXIP1,CD28,PGK1,ATG16L1,GZMM,GNG2,FES,PRDM2,IGHG4,POU2AF1,FCRL2,LILRB4,TMEM138,IL4I1
TTLL4,SERTAD2,COX4I1,GOLGA8A,RAD51AP1,IBTK,DCDC2,PLAT,USP31,ALDH7A1,SFRP2,HMGA2,BDKRB1,S1PR2,MECP2,RNF152,SORBS2,SDC2,ADCY6,HLA-E,SOCS3,RAMP2,PIR,DHODH,TRDC,AC092338.3,TSC22D3,PASK,PDCD1,OXNAD1,NLRC3,GZMB,FURIN,TNFRSF13B,LINC01215,LPCAT1,SEC11C,HCK,CAPG,PIKFYVE
VNN1,NKX3-1,MAP3K13,RPL12,MAD2L1,TSPAN1,SLC2A10,MUCL1,GCLM,S100B,CFD,AC092279.1,OLFML3,NOTCH2,RNF152,ELL2,COX4I2,SCN4B,CYGB,ENG,RUNDC3B,PIK3R3,IL3RA,RAB32,RAB11A,CD6,SNX20,PRF1,PRKCQ,LAX1,CLIC3,GZMK,ITM2C,INPP5A,HSH2D,BTLA,SPAG4,MMP9,AC093583.1,LY86
SGPP2,ZNF385C,RPS14,STAC2,PIF1,CLIC6,GSTM3,HOXB2,MRPS17,ARHGEF5,C7,RAMP1,TAPBPL,CDH11,HSPA12A,ZNRD1,HOXB-AS1,MRGPRF,SPECC1,C2CD2,CCDC85A,CYYR1,CDC37,NXN,F8,PRKCQ-AS1,PRKCQ,CD84,PSTPIP1,TMEM71,HSH2D,CHST12,TCTN3,CYBB,POU2F2,IZUMO4,BLNK,OSM,PLA2G7,HLA-DQB2
KLK10,DAPP1,RPL36A,ZFAND2A,NUSAP1,LMO7,PLEKHF2,C12orf49,FGFR2,EGR2,ADH1B,FST,FN1,TNNT3,SATB2,ZFHX3,DMPK,SNTA1,KLHL23,CCDC69,LIFR,TM6SF1,ARRB1,NPEPPS,EXOC3L1,MDM4,BICDL1,SLAMF6,SH2D2A,SH2D1A,HCST,KLRG1,GDE1,BACH2,FCRL3,AC008105.3,SLC17A9,CRLF2,ADAMDEC1,PLEKHM3
RASGEF1A,NDRG2,RPL18A,UBC,KIF23,C19orf33,FAAH,SLC4A7,GPT2,STK17A,LOXL1,TMEFF1,BNC2,UGDH,STARD13,ATP1B3,MAPRE2,LMOD1,SLC38A11,UPP1,CASKIN2,MAST4,CMTM8,PSEN2,RAMP2,N4BP2,RCAN3,RNF166,AC022706.1,TSPYL2,ZBP1,AC004974.1,STAM,RNASE6,TBXAS1,PIKFYVE,ATF5,CSF2RA,AC114296.1,SERPINB9
PTGES2,PRPSAP1,RPS9,SOX9-AS1,PRC1,PLCD3,SREBF1,ACADSB,PFKFB2,SLC2A12,LSP1,MEG8,C3,FAS,PCED1A,BCAS2,CDH6,C20orf27,HEXIM1,MAP3K11,KBTBD2,RHOB,UBE2J1,BAALC,HYAL2,CCNH,GCSAM,CD5,SAMD3,AC087239.1,GTF3C1,ITGAE,LINC02384,CD79B,RCN2,DUSP22,CEP128,GK,FKBP15,DNASE1L3
IL34,ALDH1A3,RPS23,HSPA4L,CDCA2,GALNT7,MSMO1,UGDH,BLCAP,NEXN,KIAA0408,LSS,COL8A1,HSD17B7,CHSY1,GLIS2,CCDC3,TPPP3,SELENBP1,TNFRSF14,LPAR6,SYNJ2,MLEC,BICD1,TRMT9B,RORA,CASP8,RAB27A,GPR155,CNOT6L,DENND1C,AP005482.1,RGS9,HSH2D,AP001059.3,NRROS,HIST1H4H,MPP1,MEIKIN,SYNGR2
CYB5R2,ANKRD36C,RPL26,HIST1H2BF,AC091057.6,SIGLEC15,KIAA1324,CYP4X1,SLC1A5,TMEM178A,DPT,LOXL2,CPQ,RAN,GNAI1,CCK,CABP1,AOC3,BRD2,RALGAPA2,BST2,PALMD,BCL6B,NFATC1,PRKAR1B,STT3B,ELOVL6,LYAR,SASH3,STK17A,CCL5,YPEL1,TMEM184C,MARCH1,ACP5,TCEA1,AL096865.1,LST1,NCF2,CD83
TRIM2,SCGB2A1,RPL11,ATP5MC2,TACC3,STN1,MYBPC1,TFPI2,UCHL1,LGALS7B,OSR1,SLC38A6,ABI3BP,LTBP4,DLX5,HES4,NDUFA4L2,VGLL3,GPRIN3,SPAG9,AQP7,JAG2,GALNT18,PRKCZ,NTS,SEMA4D,ODF2L,ITGAL,AC133644.2,AC246785.3,SELPLG,PTGDR,CCR6,BTK,NIN,AC073111.4,HIST1H2BJ,BCAT1,GRN,CD74
CLDN8,BBOX1,ACTR3B,HSP90AB1,POC1A,RNF141,SRF,PPDPF,LINC00662,MGME1,CERCAM,HAND2-AS1,PKIA,LARP6,CNBP,ADCY9,SERPINI1,TMEM119,INAFM1,VWF,GPR146,PPM1D,ST6GALNAC3,EXOC6,KANK3,EVL,PBX4,CDC42SE2,ITGAL,SMCHD1,DIP2A,AC017104.1,PHF6,DMXL1,AC073111.4,HVCN1,JMY,EREG,HMG20B,HLA-DQB1
AQP5,PI3,RPL37A,AC012368.1,KIF14,SMIM14,LRRC26,BCAS4,AC253572.2,LCA5,FOXP2,CCBE1,SPOCK1,RELT,FAM110B,NGF,HSDL2,SUSD2,CCDC102B,ACKR3,TNFSF9,MCTP1,SOX18,FAM171A1,MEGF6,STK4,GPR171,HERPUD2,RAB27A,PARP8,LMNB1,PRF1,GPSM3,HVCN1,TMED8,IRF5,SERP1,IL1R2,IFI30,AC004847.1
SBSN,TSLP,RPL14,BBOX1,RACGAP1,TSPAN15,SREBF2-AS1,IL17RB,SRM,RNF43,ABCA8,ADGRD1,ADAMTSL4,ECM1,PDGFA,ST3GAL3,ARHGEF25,SEMA4C,AL391121.1,FAM160A2,SSH1,ARID5A,LNX1,MYCN,ECSCR,IQGAP2,LEPROTL1,AP002387.2,CD27,TRGC2,SH2D2A,SLA2,LPXN,AC024560.5,IZUMO4,VPREB3,RABAC1,SLC7A7,AQP9,LOR
STEAP3,CTSV,RPL32,HSPH1,ZWINT,DNALI1,PTHLH,DIRAS3,ACTN4,SERPINB5,LRRN4CL,CLSTN3,IFI27L2,SLC35F2,DEGS1,SNHG15,CACNA1H,CCL26,TNS2,DOC2B,CACHD1,STK38L,PLXNA2,GOPC,TSPAN18,TACC3,IL7R,AC093010.2,LYAR,LINC01089,TRGV9,GRK2,SPINK2,SIPA1L1,TMC8,NCF4,HIST1H2BC,IL2RA,AL596330.1,HSD11B1-AS1
PYGB,ZFAND6,RPL3,KIT,KIF18A,JPT2,SERHL2,H2AFJ,THUMPD2,ISM1,GSN,KDM7A,ARL6IP5,HELLPAR,SPRY2,AC140912.1,AC091182.1,PHYHIP,DAAM2,COL15A1,SOX7,PLCB4,TUBA1B,NTAN1,SNCG,NCMAP,ZNF831,MRPL1,CD3D,XCL2,LINC00299,S1PR5,ATP8B4,NFKBID,ZBTB32,NIN,ANKRD28,CXCL5,NPL,IL2RA
WFDC2,IL34,SAR1B,WNK2,PARPBP,TLCD5,WNT4,SERPINA3,FEZ1,IRX2,ZFHX4,GSTO1,SCG5,PRDX6,IPO5,DISP1,ROCK1,TLE2,GUCY1B1,ECE1,LUZP1,SULF1,HOXB6,NFAT5,PLIN5,BRD1,PDE3B,METRNL,CD226,ZC3H12D,FAM53B,AOAH,ITGB7,POU2F2,SLC37A1,NDUFAF8,TGFBR3L,CTSB,ZMIZ1-AS1,RASSF4
PRELID1,DENND2C,RPS8,SNHG29,NCAPH,FHDC1,CITED1,HAMP,PLXNB1,ANO1,LUM,COPS8,P3H3,WNT9A,B4GALT3,RAB21,AL450384.2,SMARCD3,MYO1B,KCNN2,CYTL1,LPCAT2,ANGPTL2,NFIA-AS2,ADAMTS6,BMI1,JAML,SARAF,PPP2R5C,LAG3,EPG5,TKTL1,LINC00996,FGD2,AP1S3,AL133259.1,USP48,AMPD3,HK3,C19orf38
CEACAM1,CLINT1,CCL28,PIGR,CDT1,ANKRD30B,GATA3-AS1,BORCS5,DRAP1,CMYA5,COL5A2,ZNF254,SERPING1,ENC1,DDX21,ARTN,AKAP1,TTLL7,H19,CDC37,TIFA,PIK3C2B,TAOK2,SLC41A1,PGM5,JOSD1,MTFP1,FYN,LAT,EPG5,SLA2,GLCCI1,NFKBID,TLR6,ISCU,TMC6,PIM2,ATP8B4,LILRB4,SLC6A12
MEAK7,WFDC2,RPL35,RPS18,CENPK,VSIG2,COX6C,YIPF1,KLHL42,GAN,HMCN1,PLA2G4A,DOK5,FGF2,COPS2,WBP11,FAM122A,AC009951.6,S1PR3,AGAP3,GASAL1,PNP,SH3TC1,ZNF704,LRMDA,PIK3R1,BMI1,LINC00861,TBX21,TRG-AS1,GRK2,CARD11,AC144521.1,ORAI2,CD37,AIM2,CLECL1,CD86,GSDME,CMTM6
GABRP,MAP3K8,RPL34,BAG3,ASF1B,DLG5,GREB1,MYBPC1,ZNF219,KRT5,MIR503HG,RABGEF1,FUCA2,SLC29A1,CDC42EP2,BANP,MICAL1,MRVI1,ZNF574,SERPINE1,ADRB2,RASGRF2,OSGIN1,PIEZO2,ZNF467,HNRNPLL,LINC-PINT,RASAL3,LEPROTL1,ZC3HAV1,AKNA,ADGRE5,AC124248.2,SP140L,PRDM4,IL21R,ABHD5,IDO1,OSCAR,CIITA
MELTF,ADAM9,SDC1,FKBP4,SGO2,ARPP19,CRACR2B,XBP1,DSG3,MIR205HG,MXRA8,PENK,C1R,LTBP2,TBC1D23,AL392172.1,HRH2,LMCD1,MEF2C,ADAMTS9,ZNF608,FAM135A,MAPK12,SMAGP,STXBP6,HERPUD2,ZBTB25,CD8B,LAG3,BRD9,SLAMF6,ITGAM,PIK3CD,IZUMO4,INPP5A,P2RX5,HIST1H1C,NLRP3,SLAMF7,SLC5A3
EFNA5,PIM1,RPS3A,CLDN8,ORC6,NDUFV2,IRX3,MAPT,ITGB1,FAM189A2,PDGFRL,EVA1A,WDPCP,RPL22L1,PRMT1,CCDC151,CRIP1,CSGALNACT1,RGS16,SQSTM1,GATA2,RALB,CDH13,IQCK,MSMP,BTG1,ATM,GPR18,CD3E,LINC01138,CST7,APOBEC3G,FNBP1,IGHD,TMEM156,SLC37A1,TMEM107,SLC43A2,LINC00520,ACOT9
MT-ND6,MRPS24,DNTTIP1,FAM3B,PCLAF,BAG1,SLC9A3R1,FDFT1,KLHL13,FAM83B,FAP,IL15RA,EFEMP2,SFRP4,RNF5,BTBD9,PDE5A,BATF3,ING1,RAPGEF4,LINC00884,EGFL8,ARPC1B,SEPHS1,TRIOBP,SNHG6,BCL11B,LIMD2,PARP8,BCL11B,ITGAM,HSH2D,AC245014.3,USP8,ORAI2,HAGHL,HIST1H2BG,LYZ,C1QA,ASMTL
NPAS2,ABI1,NSFL1C,RPL36,SMC4,GTF3C6,CCDC57,RAB43,PKD1,MBNL2,MMP23B,LINC01060,DYNC1I1,RIOK1,PSMD8,LINC00205,ARPC1A,TRAF3IP2-AS1,HNRNPU,TBC1D2,CD36,NOS3,KIFC3,BMP2K,BTBD3,SNHG12,STAT4,SEMA4D,C16orf54,EML4,AC007278.1,DPP8,AC020916.1,RCSD1,STAG3,ACP5,FKBP11,NEU4,SDS,HPD
MALL,KLK10,TTYH1,TCN1,CKAP2,NTN4,GPR160,COX6C,PGM1,NRG2,OLFML2A,MMP14,SCARA3,PGM3,ADAMTS12,LINC01436,DSTN,CDH16,MAFA,ST3GAL6,PALMD,CCL8,HLA-A,KLF6,STON2,BATF,TNFRSF18,DGKA,EMB,AL499604.1,LYAR,TRGC1,TIAM1,FCGR2B,PHF6,ESR2,LINC00528,PLXNC1,LGALS3,RHOF
MUC20,TIAM1,DSC2,ITPR2,PLK4,ATP6V1G1,FOXA1,DNALI1,FAM126A,NAP1L2,LAMB1,ADAMTS12,LGALS3BP,PTGES,AGTR1,FOXK2,KANK2,ANKRD33B,WDFY2,CNKSR3,AC083862.3,CD55,ATP11A,SMC4,NT5E,AKNA,AP002387.2,TRGC2,TRAV8-2,ITK,SASH3,CCSER2,CTSW,HSPBAP1,SESN3,SHISAL2A,ERLEC1,TTYH2,SLC39A11,EDEM1
ALDH1A3,GLUD1,PFDN4,FABP7,FAM83D,SMIM29,CALML3,ERG28,SFN,LAMA3,SRPX,KAZN,KIF21A,FMNL2,LPL,C4orf33,ADAMTS10,DACT1,PTH1R,JAG1,CD34,DOCK9,GSDMD,LATS2,BCL7C,BCL11B,PIM2,CD6,IL18RAP,TXK,MRPL10,LMNB1,RUNX2,MGAT5,NRROS,PARP14,MGAT2,TNIP3,ABHD12,NABP1
TSPO,ATP1B1,TGFA,SFRP1,PTTG1,MYO6,SNIP1,MCCC2,MAPKBP1,BEX2,HAND2,AGPAT4,C12orf75,TMEM38B,ACO1,DACT3,PPP1R1A,TAGLN,APBB2,TSHZ1,ACACB,SLC9A3R2,DOCK9,KLHL4,SHC1,DOCK10,AC007448.4,KLRK1,GCHFR,AL157394.3,LINC00861,TIGIT,LTA,ANKRD44,PPFIBP2,IGFLR1,KLHL6,GPR137B,AC244090.1,AIF1
CARHSP1,HMGA1,DUSP14,SCGB2A1,SPAG5,ZNF292,ELOVL5,TRAFD1,SH3RF2,NSG1,SLIT2,AHI1,MIR100HG,LRRC59,TASOR2,HSPB7,KIAA0040,UBR1,LINC00205,KITLG,TRIM25,FAM90A1,RAB12,RAI14,RELN,RNF19A,OXNAD1,MAP4K1,DENND1C,AL022067.1,PLCB2,AGTPBP1,ALDOC,SNX2,BTK,PARP9,TXNDC15,ATP2B1-AS1,TLR8,CXCL16
CAPN1,SLC20A2,RPL35A,AC108134.2,DIAPH3,TUBB3,RAB17,SEMA4B,AC239799.2,TES,ADAM33,CENPW,CCDC71L,PID1,ARHGAP17,PSMD12,THRA,TMEM176A,ATP1B2,CPXM2,TPO,ITPRID2,TMCC2,AL121839.2,WFS1,ITPRIPL1,RUNX2,MATK,C9orf78,OASL,AC243829.1,IL12RB1,HOXA6,SCIMP,NFKBID,HLA-DQB1,CD79A,ZFYVE16,AC068193.1,KCNE5
TNFRSF11B,LOX,PRR4,ARHGEF38-IT1,BRCA1,GTPBP10,MAGI3,AZGP1,KRT17,AOPEP,FAM184A,PDGFRA,DPT,GSTO1,TBC1D1,NAP1L5,HCFC1R1,CD4,PGM5-AS1,KLF7,GJA1,PTPRM,SEMA6B,SH3BGRL2,LINC01116,CD247,LINC00623,TUBA4A,ZBTB25,XCL1,TRGC1,SASH3,LRRN3,FCHO1,HLA-DMB,GRK3,SYNGR3,PIK3AP1,SLC31A1,RGS18
HEBP2,SESTD1,RPS7,RPL39,KNSTRN,CSF3R,COPS9,RABEP1,RPS6KA1,ETF1,ALDH1A1,DPY19L3,AHNAK2,RDH10,KLHL26,ADCY3,MID1IP1,PPP1R14A,SEPTIN7,ARPC1B,AC008875.3,ASRGL1,ANGPT2,LINC00636,ITGA9,AC093010.2,CD2,KLRC4,GZMM,AC004687.1,CHST12,AC108066.2,GRAMD1B,PARP14,RUBCN,FCMR,ST6GALNAC4,GRAMD1A,NCF1,IL1R2
QDPR,MAP3K13,SERPINB7,TM7SF2,KIF20B,SYTL2,ACADSB,PHGR1,NETO2,MINDY2,CD302,MEG3,AEBP1,SPOCK1,SLC25A5,WDR45B,CABIN1,HSPB2,RDH5,FOXF1,TNFRSF10D,KCNN3,CLDN23,HHEX,SELENON,PBX4,FYB1,PTPN7,ATP8A1,PRKCQ-AS1,SLA,IKZF2,AC013264.1,LY86,HAGHL,MIR155HG,OTUD1,ABHD12,AC005280.2,C12orf45
GJB3,IGF2BP2,RPL5,HSP90AA1,MXD3,PLGRKT,EGOT,DPCD,PILRB,RIPK4,PCOLCE,DUXAP8,KAZALD1,ADH1B,PDE3A,RASSF1,SMARCD3,SOCS1,LINC02076,GIT1,TLR4,XAF1,MGST2,STMN1,PARD6G,LINC-PINT,RNF157,LRMP,SARAF,SAMD3,TBX21,SUPV3L1,TBC1D31,GPR18,JADE2,AC024560.5,ZBP1,PDE4DIP,MRPL44,HLA-DRA
PI3,DSC3,MYO5B,NTHL1,PSRC1,TFAP2A,MEGF9,CHMP2A,PHGDH,ARHGAP19,HYMAI,RBMS1,LTBP3,DRAM1,PLPPR4,EIF1B,NBEAL1,NR2F2,AP001033.3,PRSS23,KIAA1211L,AL109741.1,GSR,FLRT2,THEM6,LMNB1,MPZL3,GALNT11,TRAC,AC093010.2,PAXX,METRNL,AC253572.2,LINC00426,IRF5,HSH2D,STAP1,CCR7,LINC02732,BX255923.2
ATP6V1B2,GIPC1,GPAT3,RPL37,TK1,ZNRF2,TTC39A,PI15,UBASH3B,SRSF8,PRTFDC1,CD276,AGXT,CNBP,FGD4,EPOR,NOL3,IKZF4,COL5A3,MIER2,PPM1D,MRPL33,PDGFB,STOX2,CAVIN2,DGKA,SESN1,LAX1,SLF1,PPP2R5C,GK5,TOX,MIR155HG,RUBCN,GRK3,CXorf21,DUSP5,IL1A,CD300C,GPR137B
CALML5,STX12,CD47,SLC12A2,LMNB1,HSDL1,PDZK1,CETN2,URB1,KIF5B,TNXB,PLEKHM2,STEAP1,LYRM4,COL27A1,CASP9,NTRK2,DEPP1,TRPC6,EHD4,NOTCH4,TIFA,ECE1,LINC01985,AGFG2,ATG2A,ANKRD12,PCED1B-AS1,LINC00623,GNG2,AC243829.4,LINC01146,TRGC1,TSPAN33,ANKRD44,PRDM2,IFNLR1,FMN1,LGALS2,FSCN1
C9orf16,TMEM41A,HMGA1,HIST1H3D,SPDL1,HIGD1A,AGR2,HSDL1,NTF3,KRT14,BICC1,MAP4K5,CCDC80,PNPLA8,GJA4,ZHX2,AC104083.1,HSPB7,POU3F1,EPB41L4A,RALGDS,ABLIM3,DYSF,SNTG2,S100A10,BICDL1,GPSM3,WIPF1,MAP4K1,SPN,BTN3A2,RIN3,DNAJC1,TMC8,RBM26,CD180,CRELD2,MYO1G,TMEM251,CCR7
BBOX1,DSG2,MTM1,RHOV,CLSPN,SERPINA3,SORD,FASN,XPR1,CXCL14,NOVA1,DNAJC25,PRELP,GART,EIF4A1,LINC00702,MRVI1,SLC1A2,PLEKHG6,HIPK3,AC073352.2,TEK,TSHZ1,SIRPA,KCTD17,ICOS,SMCHD1,ARAP2,DOCK10,PTPN22,FGD3,SORL1,CDC42SE1,COL9A3,ICAM3,DUSP2,MANEA,IL4I1,CALM3,CERS6
MESP1,PLEC,RPS4X,FBXW7,FANCI,CTXN1,ANKRD30B,HMGN1,RAD18,TENM2,ZBTB20,NFATC4,CCN5,RAB7A,THAP3,MFHAS1,SLC2A4,PPP1R12A,DCBLD1,ABI3,DLL4,EFNB2,EID3,GLIS3,HRCT1,AC136475.3,IKZF1,SMCHD1,CD7,AC245297.3,MPHOSPH9,PIK3CD,KMT5C,HLA-DMB,CORO1A,TFEC,GALNT2,SLC2A6,CD164,AP001056.2
DEFB1,SRPK1,LRRFIP2,KRTCAP3,BLM,LNX2,PHYHD1,C20orf96,ARHGEF5,FZD8,PCDH18,ASB1,CHID1,PIGV,FNBP4,MAP3K7CL,SLC8A1,CCDC71L,AC006449.2,SLC12A6,CD3EAP,PTPRB,CALCRL,NANP,CPNE5,WIPF1,P2RY8,ATXN1,XCL1,STK4,RASAL3,ICAM3,GABPB1-IT1,PIKFYVE,DRAM2,ARHGAP25,EDEM1,SLAMF7,CIR1,SPI1
SAA1,ANKLE2,RPS12,KBTBD7,CCNF,CA12,PLGRKT,NDUFV2,PAMR1,SULF1,SELENOP,ACSL4,UAP1,MN1,FZD10,MRPL32,PPP1R14A,ADAMTS10,COL18A1,FGD5,RAPGEF4,FES,ZC3H12C,SLC7A1,RASSF9,CENPC,GNG2,PRKCQ,AC093010.2,IL18RAP,PIP4K2A,CRTAM,ELOVL6,EIF2AK3,TSPAN33,ISCU,LIME1,MIR155HG,SLC25A48,ST8SIA4
PPL,GSTA1,POU2F3,AC018362.1,BRCA2,FAM102A,PRLR,EIF3H,CDK18,SCPEP1,GPX8,REEP5,CTSK,TPBG,MSI1,TRPC4,SEPTIN7,NMD3,KCNJ8,GFOD1,DEDD,GPIHBP1,RASGRF2,CYLD,SCN3B,KAT2B,DGKA,STAT5B,AC016074.2,NECAP1,LYST,ZBP1,DENND4A,EHMT1,MAPK8IP3,AC092821.3,TMEM19,ARMC9,CYBB,ARRB2
CBR3,IL20,RPS15A,CLIC3,DHFR,MEX3D,BTG2,TANC2,LGR4,ARHGEF35,CXCL12,RFX8,CLEC11A,TRIML2,TRIM28,GCNA,ARHGEF17,NOTCH3,ARL4D,PLVAP,HOXD1,IRAK2,EPHX1,HEY1,DIPK2B,SETD2,AC133644.2,TBX21,LINC01138,HCST,IKZF2,IL18RAP,IKZF2,RBM38,TFEB,CD84,WNT10A,TLR2,FAIM,CD180
SNHG29,LINC00342,PTRHD1,RPS21,ATAD5,AP4M1,PARD6B,DGCR6,GAS6,ETV1,BOC,APOL1,FIBIN,CHRDL1,SEC24D,MYOM2,C1QTNF1,TBCC,INTS6,EVA1C,AL109741.1,ARL2BP,ARHGDIA,ZNF71,SLC27A3,CEMIP2,MARCH9,SLA,CRTAM,GZMH,AF305872.2,GPR18,CYSLTR1,SPPL2B,FBXO10,FCER2,SRPRB,PHACTR1,TXN,POGLUT1
MPV17L,SAA4,ATP6V1B2,DNAJC4,CENPN,FASN,C9orf152,UQCRQ,ITGB4,TRMT9B,MFAP2,NSMAF,STEAP2,SDF2L1,ARHGEF7,PRKACA,UBA2,SMIM10,AP001160.1,PDE10A,ASXL1,CDC42BPA,MECOM,C6orf141,DPP4,KIAA1109,LINC01138,KLRC3,BIN2,PPP1R16B,LINC01146,PLA2G6,AHI1,TMED8,RPS11,PHACTR1,IZUMO4,CD68,ADA2,LSP1
FBXW5,MACC1,EIF3D,AC037198.1,CENPW,DBNDD1,MPHOSPH6,IFT22,WIF1,HUNK,STARD5,INPP4A,MICOS10,FLRT2,ARHGAP6,HBP1,BCAM,FFAR2,CDC42EP4,FBXO31,TBC1D30,ARPC5L,CYP1A1,PGM2L1,PALM,OXNAD1,CD96,SFI1,AL137779.1,KLRK1,SLFN13,LRMP,GNA15,RBM26,UPF2,REL,FNDC3A,CCL4L2,ANKRD1,AC092809.2
SSBP1,IQCG,RPL7A,LINC01198,CHEK1,MREG,EFNA1,PDIA4,PARP1,FBXW7,GPC3,PGAM1,HMCN2,ABCC1,SNHG15,AXL,PPP1R12B,SEPTIN8,AGAP1-IT1,AK1,BMPR2,NEDD9,GRPEL2,PAQR3,SNX2,FYB1,TRBC1,TGFB1,TBC1D10C,CYTIP,LILRB1,ALOX5AP,TARSL2,IL21R,SYNGR2,COL19A1,AC239799.2,MANBA,AC104971.3,RASAL1